<?xml version = "1.0" encoding = "UTF-8"?>

<beans xmlns = "http://www.springframework.org/schema/beans"
   xmlns:xsi = "http://www.w3.org/2001/XMLSchema-instance"
   xmlns:context = "http://www.springframework.org/schema/context"
   xsi:schemaLocation = "http://www.springframework.org/schema/beans
   http://www.springframework.org/schema/beans/spring-beans-3.0.xsd
   http://www.springframework.org/schema/context
   http://www.springframework.org/schema/context/spring-context-3.0.xsd">

   <context:annotation-config/>
   <!-- bean definitions go here -->
   
   <bean id = "studentDetails" class = "com.tutorialpoint.StudentDetails">
   </bean>
   
   <bean id = "student1" class = "com.tutorialpoint.Student">
      <property name = "name" value = "Zara" />
      <property name = "age" value = "11"/>
    </bean>
    <bean id = "student2" class = "com.tutorialpoint.Student">
      <property name = "name" value = "Dharshna" />
      <property name = "age" value = "21"/>
    </bean>
    

   <!-- <bean id = "a" class = "com.tutorialpoint.ClassA">
   </bean>
    <bean id = "b" class = "com.tutorialpoint.ClassB">
   </bean>
  -->
 
</beans>